{"year": [1995, 1996, 1997, 1998, 1999, 2000, 2001, 2002, 2003, 2004, 2005, 2006, 2007, 2008, 2009, 2010, 2011, 2012, 2013, 2014, 2015, 2016, 2017, 2018, 2019, 2020],
"generate": [0.0000, 0.0000, 0.0000, 0.0000, 0.0000, 0.0019, 0.0031, 0.0062, 0.0086, 0.00801010101010101, 0.0078, 0.0088, 0.0105, 0.0081, 0.0112, 0.009786, 0.012539, 0.018116, 0.0211217, 0.1256712, 0.3290593, 0.5239033, 0.6069637, 0.8290751, 1.3396434, 2.59858862101087]}