{"year": [1995, 1996, 1997, 1998, 1999, 2000, 2001, 2002, 2003, 2004, 2005, 2006, 2007, 2008, 2009, 2010, 2011, 2012, 2013, 2014, 2015, 2016, 2017, 2018, 2019, 2020],
"generate": [0.0063, 0.0071, 0.0072, 0.0076, 0.0198, 0.1755, 0.41558, 0.443584, 0.535599, 0.768280505050505, 0.780382111111111, 0.852565606060606, 1.01622336363934, 1.31177813131313, 1.58923093939543, 2.28458243433914, 2.38650393937963, 2.51563024049708, 3.59344730255575, 5.06007283421232, 8.91068628262324, 11.1763706727939, 12.4577740957429, 14.770723351763, 18.8577291329819, 21.7898430685021]}