{"param": {"P": 4.140036963581978e-08, "Q": 0.7999999999864987, "M": 19.999999999985377}, "year": [1995, 1996, 1997, 1998, 1999, 2000, 2001, 2002, 2003, 2004, 2005, 2006, 2007, 2008, 2009, 2010, 2011, 2012, 2013, 2014, 2015, 2016, 2017, 2018, 2019, 2020, 2021, 2022, 2023, 2024, 2025, 2026, 2027, 2028, 2029, 2030, 2031, 2032, 2033, 2034, 2035, 2036, 2037, 2038, 2039, 2040, 2041, 2042, 2043, 2044, 2045, 2046, 2047, 2048, 2049, 2050], "prSales": [0, 8.280073927157901e-07, 1.4904132451735812e-06, 2.682743592009544e-06, 4.828937569051606e-06, 8.692084559537584e-06, 1.564574198957534e-05, 2.8162301958247268e-05, 5.0692033654123855e-05, 9.124530291908798e-05, 0.00016424038342726803, 0.0002956289204524301, 0.0005321198333842899, 0.0009577760799618161, 0.0017238685511807446, 0.0031025473902720284, 0.005583237632175418, 0.010045462724672926, 0.0180676993920966, 0.03247612086233776, 0.05830914617040932, 0.10447922345630323, 0.1865271567897506, 0.33083642191793294, 0.5799459989879693, 0.9954991858499195, 1.6460777319781885, 2.547892678441836, 3.5163416526556155, 3.9999393782048474, 3.347458907895885, 1.8176081879894266, 0.611404851976852, 0.14625921301276712, 0.03055526240478379, 0.006167247633950268, 0.0012357328351519925, 0.00024723814981264525, 4.94512874276154e-05, 9.890402168366563e-06, 1.97808589241788e-06, 3.95617329118636e-07, 7.912345978411395e-08, 1.5824690891008686e-08, 3.164938533473105e-09, 6.329852197950459e-10, 1.2660095194405585e-10, 2.531841403197177e-11, 5.062616992290714e-12, 1.014299755297543e-12, 2.0250467969162855e-13, 3.907985046680551e-14, 1.0658141036401503e-14, 1.7763568394002505e-15, -1.7763568394002505e-15, -1.7763568394002505e-15], "prCumul": [0.0, 8.280073927157901e-07, 2.3184206378893714e-06, 5.001164229898915e-06, 9.830101798950521e-06, 1.8522186358488106e-05, 3.416792834806345e-05, 6.233023030631072e-05, 0.00011302226396043457, 0.00020426756687952255, 0.0003685079503067906, 0.0006641368707592207, 0.0011962567041435106, 0.002154032784105327, 0.0038779013352860715, 0.0069804487255581, 0.012563686357733517, 0.022609149082406445, 0.04067684847450305, 0.07315296933684082, 0.13146211550725012, 0.23594133896355335, 0.4224684957533039, 0.7533049176712369, 1.3332509166592061, 2.3287501025091255, 3.9748278344873142, 6.52272051292915, 10.039062165584767, 14.039001543789613, 17.386460451685497, 19.204068639674922, 19.815473491651773, 19.96173270466454, 19.992287967069323, 19.998455214703274, 19.999690947538426, 19.999938185688237, 19.999987636975664, 19.999997527377833, 19.999999505463727, 19.999999901081054, 19.999999980204514, 19.999999996029203, 19.99999999919414, 19.999999999827125, 19.999999999953726, 19.999999999979046, 19.99999999998411, 19.99999999998512, 19.999999999985324, 19.999999999985363, 19.999999999985373, 19.999999999985377, 19.999999999985377, 19.999999999985377]}