{"year": [1995, 1996, 1997, 1998, 1999, 2000, 2001, 2002, 2003, 2004, 2005, 2006, 2007, 2008, 2009, 2010, 2011, 2012, 2013, 2014, 2015, 2016, 2017, 2018, 2019, 2020],
"generate": [3.86302920121212, 4.82858524525252, 7.29549295555556, 11.1764791351515, 14.2443217667677, 22.4547142028283, 26.9342866553535, 36.4259493147475, 44.5311522856566, 59.296786859596, 71.0967493651913, 83.1641398783648, 105.713193767021, 121.353901497536, 135.383228613187, 153.443496864175, 186.657403230905, 215.032405064032, 248.115255753321, 264.815019959907, 318.931230019458, 322.867876348302, 384.216521406329, 403.217594774174, 460.029812809329, 510.138071007773]}
