{"param": {"P": 0.0005724561393108507, "Q": 0.2495302457655153, "M": 2407.0348328572445}, "year": [1995, 1996, 1997, 1998, 1999, 2000, 2001, 2002, 2003, 2004, 2005, 2006, 2007, 2008, 2009, 2010, 2011, 2012, 2013, 2014, 2015, 2016, 2017, 2018, 2019, 2020, 2021, 2022, 2023, 2024, 2025, 2026, 2027, 2028, 2029, 2030, 2031, 2032, 2033, 2034, 2035, 2036, 2037, 2038, 2039, 2040, 2041, 2042, 2043, 2044, 2045, 2046, 2047, 2048, 2049, 2050], "prSales": [0, 3.427715816450902, 4.273982756319272, 5.325771690786049, 6.631096382988083, 8.248131311705361, 10.246767841791867, 12.710055452024255, 15.735260662567367, 19.434114369752265, 23.931594667000972, 29.362303764547306, 35.86316227183296, 43.56082357129522, 52.55204455320911, 62.87549378300091, 74.47453572031785, 87.15290793301418, 100.52933121293637, 114.00285218582079, 126.74675756283655, 137.7519301613322, 145.93552945120013, 150.31347704127043, 150.20644231013566, 145.41994941228828, 136.32933866496114, 123.8250835359982, 109.12823649140341, 93.54036196932236, 78.21377047159399, 64.00582597411983, 51.435160462978274, 40.717811584633296, 31.844609396908027, 24.665504577797606, 18.96037339796601, 14.48908949624979, 11.021992756934878, 8.355388784216302, 6.317144922820489, 4.766508918306499, 3.591022530137593, 2.7023159216812473, 2.03178348876952, 1.5266348127762512, 1.1465146961567143, 0.8607237933086935, 0.6459926822371926, 0.48473122267478175, 0.36366921736339464, 0.2728105582560829, 0.20463391149007748, 0.15348480228226435, 0.11511493049783894, 0.08633398910535561], "prCumul": [8.26192344363636, 11.689639260087263, 15.963622016406536, 21.289393707192584, 27.920490090180667, 36.16862140188603, 46.41538924367789, 59.12544469570215, 74.86070535826951, 94.29481972802178, 118.22641439502274, 147.58871815957005, 183.45188043140303, 227.01270400269823, 279.56474855590733, 342.44024233890826, 416.91477805922614, 504.0676859922403, 604.5970172051766, 718.5998693909974, 845.346626953834, 983.0985571151662, 1129.0340865663663, 1279.3475636076369, 1429.5540059177724, 1574.9739553300608, 1711.303293995022, 1835.12837753102, 1944.2566140224235, 2037.796975991746, 2116.01074646334, 2180.01657243746, 2231.4517329004384, 2272.1695444850716, 2304.01415388198, 2328.6796584597773, 2347.6400318577435, 2362.1291213539935, 2373.1511141109286, 2381.506502895145, 2387.823647817965, 2392.5901567362716, 2396.1811792664093, 2398.883495188091, 2400.9152786768605, 2402.4419134896366, 2403.5884281857934, 2404.449151979102, 2405.0951446613394, 2405.579875884014, 2405.943545101378, 2406.216355659634, 2406.4209895711238, 2406.574474373406, 2406.6895893039036, 2406.775923293009]}